A (mm),B (mm),C (mm),D (mm),E (mm),Stroke (µm),Safety factor
0.8678119403471009,0.723725215394146,0.6347402057701067,0.6266992604045252,51.6832181089233,1351.6489,1.91446
0.8603095564717892,0.7240824375221419,0.6246377505105054,0.6268894287137949,50.80974034226571,1351.6489,1.91446
0.8582722324806297,0.7206440581046311,0.6260230322873224,0.6384461117682863,51.81255445408588,1351.6489,1.91446
0.8664374530985477,0.7206688279235668,0.6258736765786045,0.6087763897816614,51.664333107809554,1351.6489,1.91446
0.8589139561767591,0.7240936363736551,0.6256324183640534,0.6291970489595091,51.99131674759685,1351.6489,1.91446
0.8567071062446174,0.7165928330929915,0.6392056658377667,0.6426239804030933,51.735756727642645,1351.6489,1.91446
0.8664405437732784,0.7207178527529645,0.6259408536442848,0.6096615679355413,51.16619333228544,1351.6489,1.91446
0.8669446777921749,0.7206580886800612,0.6272656487539915,0.6297398729390835,51.819118305047795,1351.6489,1.91446
0.8672916724614809,0.7242917254510638,0.6396823522240551,0.6439554511442945,51.69785603221724,1351.6489,1.91446
0.8595792351187629,0.723725215394146,0.6241507865892901,0.6390402226320886,51.75063394575267,1351.6489,1.91446
0.8777711350015673,0.7206027520960026,0.6350185453888759,0.629741290142742,51.682862834058476,1351.6489,1.91446
0.867005432697649,0.7200115857189581,0.6288823689355725,0.6299918688084851,51.14385450242807,1351.6489,1.91446
0.8590191587950652,0.7240940553033068,0.6360573398338213,0.6297170967536009,51.70536328424265,1351.6489,1.91446
0.8669947199855311,0.7165679174601836,0.6391353212271758,0.6283971156343581,51.14027539449574,1351.6489,1.91446
0.8677178988711247,0.7206567315585907,0.6259578997015928,0.6296345584362848,51.813020559808194,1351.6489,1.91446
0.865690150289008,0.7199240074841213,0.6369932744502215,0.6251180066128253,51.15118348534921,1351.6489,1.91446
0.8595521106056915,0.7206521257602612,0.6358869530304173,0.629720666087116,51.82720787186684,1351.6489,1.91446
0.8678153509347408,0.7198465061517152,0.6258030094766781,0.6291363297513225,51.98597593233913,1351.6489,1.91446
0.8688053363977568,0.7206253136737741,0.6247757860047702,0.6273623168010453,51.74924070348972,1351.6489,1.91446
0.8726684415847524,0.7244263705887883,0.6359188757137276,0.6292006691921316,51.14027539449574,1351.6489,1.91446
0.8669505956021827,0.7242490390438648,0.6346758301940868,0.6389411446537492,50.75842142844259,1351.6489,1.91446
0.8670282119918004,0.7242615259484283,0.6352019633355417,0.6297398729390835,51.84136394300386,1351.6489,1.91446
0.8596715655186041,0.7238078604611402,0.6308796000635792,0.6291282169568037,51.80818597873993,1351.6489,1.91446
0.8589735837342064,0.7195131144834157,0.6273716136112061,0.6384461117682863,51.81255197556126,1351.6489,1.91446
0.8662742853675797,0.7197680500181487,0.6247728381426099,0.6295934561405441,51.84481920884288,1351.6489,1.91446
0.8582551587862344,0.7195131144834157,0.6260230322873224,0.6384461117682863,51.81255445408588,1351.6489,1.91446
0.8678153509347408,0.7197611935920116,0.6343828928763935,0.6383667177648715,51.1759369091261,1351.6489,1.91446
0.8764627629971783,0.7245327582908243,0.6355736987393029,0.6393792043387719,51.735183855402795,1351.6489,1.91446
0.8662219771634175,0.7196867867959654,0.6256559190224241,0.629720666087116,51.14027539449574,1351.6489,1.91446
0.868111795992139,0.7176101591691182,0.6392171426580314,0.6270743101432681,50.94143795700989,1351.6489,1.91446
0.8678125842213258,0.719563963643977,0.6244322963367503,0.6090412954094703,51.7619544113265,1351.6489,1.91446
0.8602503434191109,0.7203115896107871,0.6359427351675188,0.6296176491367902,51.13006988858752,1351.6489,1.91446
0.8657811664473068,0.7197097439830378,0.6250585128373278,0.6284030987206943,51.14027539449574,1351.6489,1.91446
0.8662542999522406,0.7169006492855253,0.636677999975458,0.6272870642053315,51.16619333228544,1351.6489,1.91446
0.8657970808700368,0.7206226134787727,0.636677999975458,0.6272870642053315,51.16480336859851,1351.6489,1.91446
0.8597316159569728,0.719823414103425,0.635963423963643,0.6298488279381502,51.15709550346102,1351.6489,1.91446
0.8583537365670829,0.7206776462625049,0.6350185453888759,0.6388043819549437,51.682862834058476,1351.6489,1.91446
0.8595852830683834,0.7167155238537868,0.6360028146023581,0.6393349214841344,51.79410737377768,1351.6489,1.91446
0.8678119403471009,0.7236276014019681,0.6345801184932429,0.626475058753296,51.737180959762966,1351.6489,1.91446
0.8779055507797143,0.7240743308299727,0.635546400324983,0.6300686486872099,51.14003911426788,1351.6489,1.91446
0.8581691676261067,0.7237599618385877,0.6348845604871566,0.6271830690169022,51.82461944015902,1351.6489,1.91446
0.8553744526565286,0.7241953743725179,0.6352148338893758,0.625505326518157,51.75375969317091,1351.6489,1.91446
0.8596228749337301,0.724458525386146,0.6390683199035627,0.6246898896959543,51.137549420495,1351.6489,1.91446
0.8553163843166768,0.7201908696396353,0.635016422913352,0.6297188918825444,51.71596738879632,1351.6489,1.91446
0.865690150289008,0.7206188372356241,0.6369932744502215,0.627362618897595,51.15118348534921,1351.6489,1.91446
0.868466195557673,0.7199304839222713,0.6247757860047702,0.6251177045162757,51.74997788438089,1351.6489,1.91446
0.8553744526565286,0.7241896971580767,0.6352365554606719,0.6251170200826451,51.75121769749651,1351.6489,1.91446
0.8582700614191855,0.7194650158326235,0.6260230322873224,0.6384246794426136,51.76971426680162,1351.6489,1.91446
0.8570116341261592,0.7244788614280432,0.6390683199035627,0.6248789199661988,51.13758719607254,1351.6489,1.91446
0.8670853614618469,0.7240810550476736,0.6347795134814667,0.6268894287137949,50.80974034226571,1351.6489,1.91446
0.8591586914004243,0.7164014664471023,0.6347348821472297,0.6255768490827928,50.81321261866014,1351.6489,1.91446
0.8784520254394602,0.719175171897743,0.6246731791590582,0.6385939475897875,51.1625725097737,1351.6489,1.91446
0.8590563933233015,0.7244512091305861,0.6380989837165937,0.6389559607074953,51.12363945764268,1351.6489,1.91446
0.8597263736414681,0.7238078604611402,0.6308597169823007,0.6292323367055324,51.80596939614276,1351.6489,1.91446
0.8670282119918004,0.720540837848854,0.6352019633355417,0.6297398729390835,51.819118305047795,1351.6489,1.91446
0.8590563933233015,0.723725215394146,0.6244636630908552,0.6395375025806479,51.75062565680278,1351.6489,1.91446
0.856695436679965,0.7167155238537868,0.6359646876928621,0.639403327308051,52.01471630365543,1351.6489,1.91446
0.8587093405800904,0.720304608178603,0.6351367745493487,0.6297398729390835,51.85827088124994,1351.6489,1.91446
0.8597784960996331,0.7238116367042886,0.6356991301863602,0.6290526622645402,51.82180586198923,1351.6489,1.91446
0.8570260154849771,0.7165942089851155,0.6391947094984786,0.6424080933860211,51.09699915762829,1351.6489,1.91446
0.8667819015910787,0.7206686781794457,0.6360484063030029,0.6390289077985467,51.648031691270475,1351.6489,1.91446
0.864846139134931,0.7241070156922251,0.6262961564758188,0.6309342586710103,51.73561839757072,1351.6489,1.91446
0.8567071062446174,0.7165928330929915,0.6391551873646985,0.6426239804030933,51.15961169633246,1351.6489,1.91446
0.8601747906121249,0.7242504215183331,0.6245340672231253,0.6389411446537492,50.75842142844259,1351.6489,1.91446
0.859206711742676,0.7239323044000306,0.6391815985851513,0.6439855904391609,51.769774493728214,1351.6489,1.91446
0.8570603247110332,0.7238281965030375,0.6308796000635792,0.6293172472270481,51.80818597873993,1351.6489,1.91446
0.8667776555164045,0.7206327384979836,0.635980904884623,0.6395045133329808,51.69784292955549,1351.6489,1.91446
0.8732741412529571,0.7244128430788231,0.6351421070409944,0.6392271373148939,51.75050029123686,1351.6489,1.91446
0.8663290934904435,0.7197680500181487,0.6247529550613313,0.6291727717346353,51.84260262624571,1351.6489,1.91446
0.8570116341261592,0.723752867691603,0.6254329992778361,0.6254604616943117,51.76457339523263,1351.6489,1.91446
0.856800639298271,0.7167155238537868,0.6360028146023581,0.639403327308051,51.150749056830705,1351.6489,1.91446
0.8590563933233015,0.723725215394146,0.6244636630908552,0.6395375025806479,51.75052624885393,1351.6489,1.91446
0.8591586914004243,0.7164014664471023,0.6347348821472297,0.6255768490827928,50.872148828987164,1351.6489,1.91446
0.8726684415847524,0.7201908696396353,0.6350836346892147,0.6297188918825444,51.71596738879632,1351.6489,1.91446
0.8596715655186041,0.7238078604611402,0.6308796000635792,0.6296530211114412,51.80818597873993,1351.6489,1.91446
0.8681074355633897,0.7206567315585907,0.6273064810254766,0.6296345584362848,51.81301808128358,1351.6489,1.91446
0.8669947199855311,0.7196867502560044,0.6254518081773861,0.6283971156343581,51.14027539449574,1351.6489,1.91446
0.8660984035169341,0.7197310463687798,0.6356232901715316,0.6292245651544326,51.7328501160652,1351.6489,1.91446
0.8570116341261592,0.7244788614280432,0.6352988288588364,0.6248825605223787,51.13758719607254,1351.6489,1.91446
0.8589072653778047,0.7242028089791833,0.6247757860047702,0.6251177045162757,51.74924070348972,1351.6489,1.91446
