hinge_thickness_t,hinge_width_w,arm_length_l,bridge_angle_theta,hinge_fillet_r,safety_factor,output_displacement,resonant_frequency
0.7494481426168349,14.50714306409916,33.29984854528513,8.38792635777333,0.812037280884873,0.4973487119081378,65.86249071081578,1566.9231209409793
0.48719342440344315,5.580836121681995,36.654403644373375,8.41003510568888,1.916145155592091,1.0674534449845143,65.9181467491726,743.7534373979029
0.32470139315496294,14.699098521619943,35.81106602001054,4.911051996104486,0.8636499344142012,0.9695255599049197,114.09376127620074,717.3061944424929
0.5200854118241206,8.042422429595376,28.11891079080595,6.887505167779041,1.0824582803960838,0.5286502411175897,81.04004544795825,1023.5506372870457
1.0342234736668554,6.394938606520419,22.303616213380455,6.297256589643226,1.4121399684340719,0.5030708335002171,85.83167415459178,2407.806194295123
1.2422111536716163,6.996737821583597,27.85586096034029,8.331731119758382,0.5929008254399954,0.4971209087967766,63.37975006146634,2470.6280425639015
1.029053822281726,6.705241236872915,16.62628982463199,11.539969835279999,2.4312640661491187,0.49242404468900725,45.69357230834963,3363.31724409764
1.2700768177397532,8.046137691733707,17.441802850159597,9.158097238609411,1.3803049874792026,0.4987548198022181,55.17463045217729,4533.700422924576
0.44644588181373457,9.951769101112703,15.85971302788046,11.18388361870904,1.0175599632000338,0.5153944040422762,50.12172452586513,1482.5334955362935
1.0950267412247783,8.11711076089411,28.00170052944527,7.920392514089517,0.8697089110510541,0.4952222977969979,66.93787236822148,2293.0102136593855
1.4635015533174702,12.751328233611146,38.48747353910473,11.053446153848839,1.6957999576221703,0.49621824627357847,46.952182329633935,2869.4709135891558
1.4062490820277402,5.884925020519195,19.89957156047863,3.4070456001948424,1.1506606615265287,0.494592259981928,149.58689372541534,3945.0853911705717
0.7664127476273783,7.713490317738959,35.718437728798236,6.210779940242304,1.0618690193747615,0.4999601367934169,91.33358957090884,1217.53390494117
0.9512352997898981,6.409242249747626,35.054924518850996,3.6709557931179373,2.4737738732010346,0.4956935789933587,153.1333897620256,1455.0464167544148
1.226693723155989,6.987156815341724,15.13805292809006,10.339152856093508,1.9137146876952342,0.49481376922836773,47.91130750203538,4675.530556165495
1.1748086016491848,12.712703466859457,16.85111629335226,6.226191556898454,0.7317381190502594,0.4930860013451783,83.03902630981507,5300.118272422316
1.3357241110507123,11.23298126827558,23.27245062131623,3.572025152574213,1.1219646434313244,0.4930071621309043,145.6575966831988,4092.797219539086
0.6902199864320964,12.29606178338064,30.93893678388033,10.98491468318694,1.4444298503238986,0.6586335900684397,50.188509669248624,1427.682315899114
0.44351309512596204,12.13244787222995,34.019626215422434,8.051494778125466,2.041934359909122,1.0445786337095766,68.70310804009962,888.5067040761428
0.8925547156372688,10.22732829381994,25.68852545896374,3.2287721406968566,0.7157828539866089,0.4997488094527543,169.98701226284868,2113.4298536578226
0.3377150228240811,11.364104112637804,22.858899526908168,7.577136220482325,2.3151329478521863,0.7932360269846452,74.22833725888758,907.5839379755512
0.5991506749786499,9.103829230356297,33.888778463576216,5.059183489424602,0.653959819657586,0.4951122237760072,110.80738338541269,1065.201182935889
0.6477017434965215,6.612212872540044,38.242441308564324,10.273083416079754,1.766807513020847,0.9554604309305956,54.36409147833577,941.1551768422227
1.3457527082252612,13.036720768991145,19.664251472150895,11.0330309864098,1.5786844838313014,0.5028529933429658,45.03686895255566,5249.6658434939345
1.268928186196875,13.960912999234932,22.950086874296595,3.990467320749091,0.9558703250838834,0.49186228781058416,130.84053428671976,4314.423652955268
0.8125293463515075,13.18014765922493,36.51826458140859,3.0625691747807164,1.5214946051551315,0.49547841687447797,183.8486450736277,1501.93452669983
0.8008932037785348,7.221078104707303,17.99663418334207,6.038536542632651,2.3858194078250383,0.49966960100676344,89.22659301712818,2279.3219548735433
0.6878435184249063,10.18790621743366,32.57547397237944,6.272666421413646,2.4435641654419213,0.5002369933565821,88.39010704771749,1284.3846438116861
1.4549367539305336,7.5178229582536416,27.431212647309636,5.707904788350927,1.0696809887549352,0.5050314640460722,89.87521453712422,3270.960388656704
0.34426433682543933,11.095643339798968,27.56697558072154,3.463308761249904,1.0572929284732229,0.5191916878632429,162.78821058384852,824.3549308452145
1.3899190631599845,7.395618906669724,18.622371802280576,7.405074842498067,2.4713009082212016,0.48764177749936355,66.43128457721545,4607.646678402562
0.5904663258138005,11.721355474058786,34.04049038321794,5.138737895931597,1.9564326972237192,0.5224446177561446,109.37912792583116,1116.8483890439484
0.7413397592631039,11.323058305935795,30.838242769022365,7.821972156672826,0.6805795401088166,0.5004329489373645,71.06172838205663,1532.5340854541757
1.3023629947070856,8.207800649717358,19.662962759996354,3.3669762739928752,1.6817858863764836,0.501272104216506,152.15819192139134,4130.130204901406
1.113077234210739,5.165878289278561,27.802326457482025,5.038461976781441,1.7903455808188997,0.49756196887963755,106.64219012446475,1969.1874323087854
0.5092397148059897,11.90937738102466,24.668383657513434,11.43056989863061,0.7750418882919865,0.6201421327615961,48.60955300850837,1280.8663458949366
0.7092796212603102,6.134735212405891,38.11734045696407,10.896054180428829,1.0158832554303112,0.8303430934282127,50.743582685350056,1016.429501963135
1.0919808552410148,13.172222002012159,28.880020289986557,7.766855205204059,0.9837045818009034,0.4979596231348922,68.11603795529614,2676.721058286367
0.411723321367079,13.972157579533267,37.51045142908326,8.69791311545941,1.1780595820974014,1.2699726614591993,63.83371573555738,818.0033967907009
0.719051489535193,12.259556788702394,37.42775649881443,10.983777818386056,2.0597510917152477,0.9193225746465897,50.65802634145111,1279.058803970591
1.0704379753851452,5.841399649950488,19.040717852365344,11.086987696743714,1.7128581193191799,0.5041470279059175,46.1495142364508,2858.153786756792
0.31103646193995554,6.014715428660321,31.587544227701397,3.0455542546159684,0.8216161028349973,0.612816581973759,181.4695270130023,638.0631984813195
0.9584805472399034,11.918951976926932,31.299031487565014,5.018423785145038,1.9243584426950717,0.5016924820374721,109.24499198331348,2055.952183649166
0.5846989049961601,8.253996981592678,33.662285127950604,8.846696091424931,2.198446820988356,0.8366327109519169,63.07919038986553,1011.7663253028035
1.089135470760412,10.683086033354716,17.341869195702312,6.309442227534902,1.030404735363451,0.4977031955022988,82.00629510068227,4234.387968241637
0.5927875720549003,14.730105547524456,24.82744311666901,11.02841899659402,1.7622772519945258,0.5888408742884867,50.319444924933244,1569.7048155091231
1.253773564249978,10.026370931051922,29.422597115658977,7.432659244369775,0.890485975596089,0.5023948991287319,71.77312375981968,2846.8015356260507
1.1669425383138063,7.807723624408558,15.607899160786346,8.80925066316451,0.8542213588140979,0.49744991800572624,57.33469159722344,4440.324268615091
1.4285503012234972,14.539285770025874,37.871609755511216,6.331428302298999,0.5309132330577349,0.49777853369961944,84.37207871536974,3037.0982430704494
1.4139822751052704,9.281841483173142,39.16637047609174,11.672579793803276,2.20601891093472,0.49538917337911187,45.71020956081999,2410.130017900666
0.6533386704835028,8.850977286019253,36.27841678792142,5.852298046406499,0.838985493372185,0.5020671745161185,97.40551259898847,1070.8818454613631
0.9681615149500202,14.36154774160781,32.400744916874324,8.130550530804285,0.6943529875415371,0.4937767264834429,66.2648891581188,2186.345195415727
1.0380086720390036,14.900538501042632,18.5021003809131,7.664966871273631,2.254746143855911,0.5032718282817703,68.85663247640784,4273.457030732866
1.1889223413050454,11.97015740995268,32.56210209967773,6.2354203609777965,1.0871836885289867,0.4943725547635081,88.67514079321786,2565.7631878991306
1.2712333865742163,13.101133946791808,36.67680796450259,11.219164973008242,1.5226847977218756,0.5005469739730245,47.98421388989073,2578.1300428068025
0.9018195536246394,12.982951789667752,31.24909826944413,9.317701895319331,2.091585338872202,0.5011194201213957,58.49939903303514,1976.8792215934582
1.3680064101810796,8.379951568515358,24.389573815998602,3.845837458567821,1.656560281992348,0.5094101224823752,136.29899604023322,3607.2474058578264
0.3431307285560905,9.655980181324601,28.566115867689415,5.578871269154559,1.6816665211380215,0.8000849628733941,99.33621848088953,768.1717152339764
0.3366002999268593,5.373481887492144,35.56501401649146,6.241715772701366,0.7541210253037696,1.0638301199354485,90.58330026392261,604.1164627986262
0.9266919120657653,12.699935530986108,20.395525687421078,8.606014282371003,0.670694929987536,0.507647751597303,62.49847145696908,3067.7976525392764
0.3620180654023292,10.31354631568148,28.515878040252662,8.73686911348386,1.952182667445323,1.0678494056504426,62.713536788927605,818.2933159575582
1.4710224953550415,10.163003483011952,23.073911823531148,10.156675752918332,1.0416645025241484,0.5003665898359421,48.640579079266004,4465.294247979699
0.8267657048467634,5.784563813422659,15.633768585386438,11.663835732101326,2.1719602410244114,0.49832107650354934,46.5589626540631,2493.8574843437063
1.1351690473124376,9.089529444142698,19.332358001771144,4.407933384039774,1.0004857963291907,0.49248428523440946,118.6257781851888,3667.0066950624105
0.9590719976473445,12.145959227000624,31.504934417943282,5.519405072513486,2.409730561326388,0.4865155667852921,99.65570080142065,2042.2252054410508
1.1854763000349222,10.543540525114008,30.293018655858805,6.776400561850109,0.9954619790023149,0.5034810318240671,80.74284698479067,2632.3821237539573
0.7271672143815139,12.57846110464369,15.359837215743896,4.044653764562247,0.5920052840435055,0.4986555565472258,133.8394255477155,3086.3733504471825
0.34887456278276413,13.554605840110073,32.591446484500594,7.267564461785927,0.695668321302003,1.000022653232285,76.85681480224665,781.7418934387073
0.8899390501401987,9.734717707805657,19.33004674775038,6.904664843141758,1.2970094687947469,0.5009904238038393,78.23677129169474,2743.308805561382
1.0390201176626597,11.350936508676437,16.132600244301113,6.371513531638241,1.7517198314284728,0.49726570529379804,82.03607612299747,4355.172430634558
0.9037635102961052,13.564898411883222,31.467340790473624,4.466409843732867,0.6411374948008597,0.4964357710866142,123.99961908237509,1990.1933366101612
1.0709031338475787,5.265113105416218,29.64438953183658,11.462072172824618,1.650948355751758,0.5075199649429134,45.689508817312415,1797.1848680369287
0.7658039114478263,11.432882184423532,26.456322262287916,7.910551103843415,2.3829296175530503,0.5062304259624881,68.52375890787198,1802.0368118190106
0.7633231653609291,14.611905638239142,37.63376604890159,4.7621202131036675,0.6387226017503309,0.49814279567002107,115.98198135261774,1432.5486498933094
0.42093360165291194,5.1822182565154975,17.36107401889821,9.147060960747211,0.642377296920458,0.49444712077267083,61.92977879278875,1061.0893664063983
0.6827707563525136,13.448753109694545,15.581798393395646,10.330216343300421,1.0637095495467999,0.5063577754749707,53.191383045249815,2779.326304242004
0.4417977931459875,11.967371653641507,30.7235711694971,10.897248121743477,1.9701420876077715,1.1442874235593805,51.15295567151156,928.2427532574246
1.2641771164618183,7.820345725713064,19.43598859449307,9.755532764767725,2.1136694785345282,0.5035649921508619,52.05937588764861,3929.291419539851
1.488606170400808,9.126176769114265,24.30045214481958,9.98771664667797,1.1816070805060357,0.5035547998410175,50.53487957349845,4125.5230954263825
1.4169087907242777,13.584127518430119,25.72485068437546,9.757839610123476,2.0090857481693645,0.5057966490168212,51.9089947910987,4383.724980378209
0.4237486426031191,14.025529066795666,27.63130931119643,10.438117194969674,1.1400992020612235,0.9182352835996677,53.03198684805553,1023.6797169757862
1.3746278741954405,8.892016787341632,15.270941287007458,11.148437787773373,0.6825733535722671,0.4937444321180735,43.29105491084332,6097.40056484652
0.6831763651084979,14.50061967050805,38.7651786734389,8.160940993109575,1.7636744243395985,0.7597675338132013,69.0541184759567,1244.0543344698062
0.8381346263739837,7.932107716980646,23.2166136342479,9.052666104693346,2.00474905887536,0.4929576935181822,59.45018378478622,1980.1515008647443
1.2498948524710183,12.896181427945539,17.280152576217258,7.449782742323233,0.6151175200332886,0.4935978532375186,69.02342097729695,5430.434333587161
0.9594346587884826,9.41530501373377,37.19260456895749,6.158235112968708,0.7341340328552117,0.5084822818414502,90.00295596912085,1592.7714015373358
0.471590018463403,12.615106317174723,30.455451582906527,3.9101040851051123,0.6682136122299949,0.49727540456595526,143.9512443351137,1015.1728108791981
1.141162957750944,5.727630063641936,35.546501482258904,9.356180044408465,0.6626975612837995,0.5055165094100826,57.97991381043765,1676.0798832172056
0.4018052569022303,14.866395785011754,24.356769893903007,6.335779323602019,2.125599134515005,0.6185948978443212,88.21166789574279,1087.9392963602058
1.4366982928606304,14.860010638228708,33.83445463147354,6.386336269778242,0.6670014333973375,0.49144915803671685,81.41850503812442,3473.946993684635
1.232576299112924,10.58404249735805,25.605550231174405,11.157189465852625,0.7223949646123027,0.5008543271906397,46.85573611559076,3254.7197416359027
0.891150125149031,5.113536447674191,26.716516049853155,3.506729481136536,0.7376358325361438,0.5017379085268083,156.27263413992574,1560.4081392016778
0.44103149613252585,11.492103021160636,33.65112198163558,8.250318885874437,2.424345096949084,1.0820936833376245,66.92552397027659,879.313378088327
0.7498446954284448,7.857120862818608,36.71497820473651,5.012362546675074,2.4264450788812226,0.4914870819788108,112.88677523202865,1178.4569450610868
0.3145853696277796,14.69878826707639,16.0789977987644,11.02028802328264,1.5554022181725997,0.6917064718895848,50.81599587701502,1192.2427916871827
1.4915577553431605,5.737965647353988,28.84635711003302,11.72372282057189,1.5461956883402976,0.5050718503250906,42.740603342003716,2791.0938997456506
1.055278365762315,11.957486889846171,26.36352661919433,8.648022720756572,1.6686286238462005,0.49687590711152163,62.293793031595754,2739.9906409681766
1.3813896125891867,5.454463803414579,22.024079739805757,11.553703356689029,2.2805275677818324,0.49637128093423266,43.70041340684297,3286.9384263997536
0.8467881033428555,11.201325978015367,21.934529574528316,4.693090437513852,1.4273968098799643,0.4969424109850403,115.19114754027191,2399.4834183153102
0.7240226736312634,10.83656111850872,16.94336592412462,11.769553268995498,2.4724214889592058,0.49324157697191834,45.6883138504613,2565.4169011303484
1.1377940568236942,10.360963663441204,22.738190407158193,10.324155177362538,1.8694623451077585,0.4952530055558403,52.33035609999148,3304.811882903979
0.4951403272138696,14.109271844938425,35.56343107307923,11.548199219627316,1.95143901677672,1.3325862179370789,47.5502960314015,988.5169271620933
1.0360982351229477,9.182430362906189,38.31821208385033,10.794575005503674,0.5904373402123788,0.49712181086881113,50.67385004372216,1717.2014544995438
0.3316403693967024,8.764633668780496,35.26383326954583,11.8854851638345,0.8008337822070564,1.8529997142728039,47.097924368613285,660.4239919998611
1.0129568584225621,8.808908566310215,39.24785994536508,10.579070308221379,2.1766574094222757,0.6369021440382274,52.71009066911386,1564.1589181584907
0.8624317917539643,9.148195023376651,21.835176798267657,3.507379469858344,2.2294447525101067,0.5090622427899847,157.31221491295406,2276.9940960598256
1.2754812109560931,14.997176732861305,39.91592092684763,7.998885350423647,2.037974830361021,0.5031620386952776,68.19506464664299,2521.879113045366
1.4337188758589137,13.496473906774115,21.18370254357994,7.054897217790842,0.75831883030299,0.4921488764005477,70.48616754985042,5452.205682360587
1.4448612327104668,11.061746344508801,20.71607013758657,9.04530615965271,1.7362564809157917,0.49962783285449974,55.244056775129465,5173.896108586963
0.7297952616394086,6.13557592199629,31.78932988981999,7.68276930813414,2.0446367834712786,0.5050164383192387,72.8529576708406,1186.2247158445102
0.9241962013343921,13.5218150031854,28.797670969362137,8.048441743818476,2.2533072053166903,0.5027989522396552,68.83385784566747,2246.440925524408
0.7841794394548764,6.3401522845064076,15.719566907833475,9.79623530106257,1.7406191027069293,0.5022959003961421,55.0458012773528,2379.6134715571616
1.1448957217190683,7.129641615089107,18.409286889669243,3.1309019910109375,1.201175117613194,0.5021480910956629,166.89316397272736,3528.3948831243774
1.0079012242255596,8.922440450997323,25.936873050593228,11.137428250443735,1.1965109340466007,0.49361625712089846,47.785693066306216,2339.0882441867366
0.9167873869917729,12.83653012741143,24.913569558031753,8.598780302050862,2.22472741749349,0.49980222423071674,63.7743081553129,2491.223645454159
1.4394247483891704,6.470734809290379,38.16469062903736,7.429046637715844,1.0164887765979167,0.5001487806974787,72.1576403661827,2142.90426008275
0.8509629074859135,14.800325752854771,27.31545234982174,5.958764492587574,1.7668017086334515,0.5004806038847049,92.2038355387733,2191.655992187843
0.5881747425338317,5.758633281086639,18.22199304776623,4.152412550619951,0.8038053870245887,0.4984541393826568,134.77015425940894,1451.07382689773
0.4665926071792922,11.408747448032146,19.54700210997862,6.111005549914768,2.2935768198120234,0.5062787806278676,90.71563037337619,1366.1330093232075
0.8687539683154468,11.675577385210271,19.307996780040746,4.730601169278037,0.5817372325329577,0.49780134470862913,116.60059647130917,2900.7444491013143
